CarParkID,Area,Development,Location,AvailableLots,LotType,Agency
1,Marina,Suntec City,1.29375 103.85718,1492,C,LTA
2,Marina,Marina Square,1.29115 103.85728,1234,C,LTA
4,Marina,The Esplanade,1.29011 103.85561,539,C,LTA
5,Marina,Millenia Singapore,1.29251 103.86009,979,C,LTA
16,Harbfront,VivoCity P3,1.26421 103.82263,250,C,LTA
17,Harbfront,Sentosa,1.25017 103.83126,1354,C,LTA
19,Harbfront,Harbourfront Centre,1.26426 103.82011,274,C,LTA
50,Harbfront,VivoCity P2,1.26426 103.82164,214,C,LTA
20,Orchard,Far East Plaza,1.3071 103.83359,418,C,LTA
18,Orchard,Tang Plaza,1.30491 103.83312,342,C,LTA
15,Orchard,Wheelock Place,1.3048 103.83063,187,C,LTA
13,Orchard,Ngee Ann City,1.30236 103.8349,753,C,LTA
12,Orchard,Mandarin Hotel,1.30216 103.83601,134,C,LTA
11,Orchard,Cineleisure,1.30151 103.83641,159,C,LTA
21,Orchard,Centrepoint,1.302 103.83975,153,C,LTA
24,Orchard,313@Somerset,1.30084 103.83872,99,C,LTA
7,Orchard,Orchard Point,1.30135 103.84061,193,C,LTA
22,Orchard,Concorde Hotel,1.3006 103.84191,224,C,LTA
9,Orchard,Plaza Singapura,1.30103 103.84503,208,C,LTA
10,Orchard,The Cathay,1.2995 103.84762,73,C,LTA
23,Orchard,ION Orchard,1.30403 103.83206,48,C,LTA
14,Orchard,Wisma Atria,1.30366 103.83327,116,C,LTA
8,Orchard,The Heeren,1.30255 103.83739,146,C,LTA
26,Harbfront,Resorts World Sentosa,1.25667 103.82012,2018,C,LTA
27,Orchard,Orchard Central,1.30072 103.83979,164,C,LTA
29,Marina,Marina Bay Sands,1.28225028515239 103.858300275795,64,C,LTA
43,JurongLakeDistrict,Westgate,1.3343 103.74282,91,C,LTA
52,Orchard,Orchard Gateway,1.30048 103.83931,124,C,LTA
53,JurongLakeDistrict,IMM Building,1.334847 103.746815,564,C,LTA
54,JurongLakeDistrict,JCube,1.33341 103.740088,124,C,LTA
55,Orchard,Paragon,1.3038 103.83585,162,C,LTA
56,Marina,National Gallery,1.29027 103.85167,32,C,LTA
57,Orchard,The Atrium@Orchard,1.299781 103.84552,71,C,LTA
58,Others,Bukit Panjang Plaza,1.37974 103.7644,155,C,LTA
59,Others,Clarke Quay,1.290678 103.84648,136,C,LTA
60,Others,The Star Vista,1.306787 103.78843,768,C,LTA
61,Others,Bugis+,1.299748 103.85414,189,C,LTA
62,Others,Lot One,1.385126 103.74494,214,C,LTA
63,Others,Tampines Mall,1.352524 103.9447,225,C,LTA
64,Others,Junction 8,1.350521 103.84859,89,C,LTA
65,Others,Bedok Mall,1.3248 103.92939,27,C,LTA
66,Others,Funan Mall,1.2911 103.8502,148,C,LTA
A0007,,ANGULLIA PARK OFF STREET,1.3053280313212745 103.82957069514487,89,C,URA
A0007,,ANGULLIA PARK OFF STREET,1.3053280313212745 103.82957069514487,0,Y,URA
A0011,,ARMENIAN STREET OFF STREET,1.2939260442319098 103.84886606187928,42,C,URA
A0021,,AMOY STREET OFF STREET,1.280790422979401 103.84717734239698,0,C,URA
A0024,,ADAM ROAD FOOD CENTRE OFF STREET,1.3241651253846303 103.81389905715554,38,C,URA
A0046,,ALJUNIED ROAD OFF STREET,1.3138928367737375 103.88178819343076,5,C,URA
B0031,,BEATTY ROAD OFF STREET,1.31411103114537 103.85960539693774,6,C,URA
B0032,,BUKIT TIMAH MARKET OFF STREET,1.3390889296394692 103.77639634689159,122,C,URA
B0063,,BUKIT BATOK NATURE PARK OFF STREET,1.3473952305359211 103.76148104730633,101,C,URA
B0087,,BAGHDAD STREET OFF STREET,1.3013034071461544 103.86037519945218,0,C,URA
B0088,,BEDOK ROAD FOOD CENTRE OFF STREET,1.320882494257288 103.95521451777431,0,C,URA
B0096,,BUKIT TIMAH LINK OFF STREET,1.3413345543964925 103.7768692104473,22,C,URA
C0119,,CEYLON ROAD OFF STREET,1.3098549757016427 103.89943305397595,10,C,URA
C0133,,CARPENTER STREET OFF STREET,1.288265760877135 103.84818289117743,8,C,URA
C0148,,CLEMENCEAU AVENUE NORTH (NEWTON FC),1.3110998019417506 103.83975443423321,89,C,URA
C0162,,CLEMENCEAU AVENUE OFF STREET,1.2939732461823374 103.84451675349408,21,C,URA
C0162,,CLEMENCEAU AVENUE OFF STREET,1.2939732461823374 103.84451675349408,0,Y,URA
D0006,,DUXTON HILL OFF STREET,1.279121361423107 103.84307668605454,0,C,URA
D0026,,DICKSON ROAD OFF STREET,1.3058961275027456 103.85356732694179,6,Y,URA
D0026,,DICKSON ROAD OFF STREET,1.3058961275027456 103.85356732694179,37,C,URA
D0028,,DELTA CIRCUS FRINGE CAR PARK,1.2893051001281517 103.82465436208551,194,C,URA
E0023,,EAST COAST PARK E3 OFF STREET,1.3086487746583644 103.9362443048082,0,C,URA
E0023,,EAST COAST PARK E3 OFF STREET,1.3086487746583644 103.9362443048082,0,Y,URA
E0024,,EAST COAST PARK E2 OFF STREET,1.3073484560087358 103.93582213910925,0,C,URA
E0024,,EAST COAST PARK E2 OFF STREET,1.3073484560087358 103.93582213910925,0,Y,URA
E0027,,EAST COAST PARK E1 OFF STREET,1.306893520703497 103.92999292150216,198,C,URA
E0027,,EAST COAST PARK E1 OFF STREET,1.306893520703497 103.92999292150216,0,Y,URA
H0003,,HAMILTON ROAD OFF STREET,1.3116228720853855 103.86179604070755,1,C,URA
H0004,,HOLLAND DR/NORTH BOUNA VISTA RD OFF STREET,1.3119377259846055 103.79266055694676,76,C,URA
H0011,,HOLLAND DRIVE OFF STREET,1.3106947374214337 103.79320773289525,31,C,URA
H0015,,HINDOO ROAD OFF STREET,1.3085901317745132 103.85406595189491,0,C,URA
H0022,,HULLET ROAD OFF STREET,1.3032004091309377 103.83904302350693,18,C,URA
H0024,,HONG LIM PARK OFF STREET,1.2864010712092964 103.84732683484889,0,C,URA
H0057,,HINDOO ROAD/KAMPONG KAPOR ROAD OFF STREET,1.307959413362438 103.85449803048786,0,C,URA
J0017,,JOO CHIAT ROAD OFF STREET,1.3089312793016843 103.90342597378925,29,Y,URA
J0017,,JOO CHIAT ROAD OFF STREET,1.3089312793016843 103.90342597378925,58,C,URA
J0055,,JALAN SEH CHUAN OFF STREET,1.3416072968226134 103.774983522264,3,C,URA
J0092,,JALAN KURAS OFF STREET,1.3733164289278814 103.82902743813321,40,C,URA
J0100,,JALAN PELEPAH OFF STREET,1.2740710679512592 103.79551529813891,37,C,URA
J0100,,JALAN PELEPAH OFF STREET,1.2740710679512592 103.79551529813891,0,Y,URA
J0122,,JALAN KAYU OFF STREET,1.3988702481648212 103.87298020876878,15,C,URA
K0037,,KING GEORGES AVENUE OFF STREET,1.3102875316446452 103.86155503310928,5,C,URA
K0039,,KING GEORGES AVENUE/ HORNE ROAD OFF STREET,1.310011717603521 103.86195254067123,40,C,URA
K0082,,KAMPONG BUGIS OFF STREET,1.3060643999336945 103.86731520521826,100,C,URA
K0082,,KAMPONG BUGIS OFF STREET,1.3060643999336945 103.86731520521826,5,Y,URA
K0111,,KINTA ROAD OFF STREET,1.309743436667126 103.8532569434198,78,C,URA
K0111,,KINTA ROAD OFF STREET,1.309743436667126 103.8532569434198,7,Y,URA
K0121,,KAMPONG KAPOR ROAD OFF STREET,1.306579163961294 103.8540518138273,12,Y,URA
K0121,,KAMPONG KAPOR ROAD OFF STREET,1.306579163961294 103.8540518138273,54,C,URA
L0064,,LORONG 21 GEYLANG OFF STREET,1.3138418922590445 103.87984207773486,13,C,URA
L0078,,LORONG MYDIN OFF STREET,1.3191579615926596 103.91187813269345,22,C,URA
L0104,,LORONG BEKUKONG OFF STREET,1.3902114129018883 103.98732091158162,76,C,URA
L0104,,LORONG BEKUKONG OFF STREET,1.3902114129018883 103.98732091158162,20,Y,URA
L0107,,LORONG BACHOK OFF STREET,1.3137312534590921 103.879441454655,11,C,URA
L0116,,LORONG 21 GEYLANG / GEYLANG ROAD OFF ST,1.31297192802134 103.88051592242522,10,C,URA
L0117,,LORONG 25/25A GEYLANG OFF STREET,1.3154114085899413 103.88282913196923,6,C,URA
L0117,,LORONG 25/25A GEYLANG OFF STREET,1.3154114085899413 103.88282913196923,20,Y,URA
L0123,,LORONG 9/11 GEYLANG OFF STREET,1.3132431536109048 103.87646592168618,1,Y,URA
L0123,,LORONG 9/11 GEYLANG OFF STREET,1.3132431536109048 103.87646592168618,38,C,URA
L0124,,LORONG 37 GEYLANG OFF STREET,1.315091678312372 103.88943334952766,5,Y,URA
L0124,,LORONG 37 GEYLANG OFF STREET,1.315091678312372 103.88943334952766,16,C,URA
L0125,,LORONG 31 GEYLANG OFF STREET,1.3150474541189423 103.88714181973822,39,C,URA
L0125,,LORONG 31 GEYLANG OFF STREET,1.3150474541189423 103.88714181973822,19,Y,URA
M0040,,MACKENZIE ROAD A OFF STREET,1.305166862591867 103.84955574725188,103,C,URA
M0059,,MACKENZIE ROAD B OFF STREET,1.3058144966396488 103.84756472391136 1.3062999712327648 103.84694294724167,72,C,URA
M0059,,MACKENZIE ROAD B OFF STREET,1.3058144966396488 103.84756472391136 1.3062999712327648 103.84694294724167,62,H,URA
M0076,,MINBU ROAD OFF STREET,1.3252001004070917 103.84890841545035,72,C,URA
M0076,,MINBU ROAD OFF STREET,1.3252001004070917 103.84890841545035,12,Y,URA
M0078,,MARITIME SQUARE D OFF STREET,1.2665572188609842 103.82037098540381,159,C,URA
M0078,,MARITIME SQUARE D OFF STREET,1.2665572188609842 103.82037098540381,149,Y,URA
M0084,,MARINA VIEW OFF STREET,1.2746496875172093 103.84947277096812,43,C,URA
M0088,,MARGARET DRIVE OFF STREET,1.3004199971190697 103.80301640122015,47,C,URA
N0006,,NEIL ROAD OFF STREET,1.2793383109971352 103.84191274173004,0,C,URA
N0012,,NORTH BRIDGE ROAD MARKET OFF STREET,1.3060825735308885 103.86355580061468,41,C,URA
N0013,,NORTH BRIDGE ROAD OFF  STREET,1.3004003577425078 103.8566466267615,0,C,URA
O0028,,OUTRAM ROAD OFF STREET,1.284380404146159 103.83543041047004,32,C,URA
O0028,,OUTRAM ROAD OFF STREET,1.284380404146159 103.83543041047004,0,Y,URA
P0013,,PRINCE EDWARD ROAD / SHENTON WAY OFF STREET,1.2751330286026683 103.84819161939349,82,C,URA
P0033,,PASIR RIS CLOSE OFF STREET,1.3769386098723717 103.95649247971937,307,C,URA
P0048,,PEARL BANK OFF STREET,1.2833483597834672 103.84053784909122,0,Y,URA
P0048,,PEARL BANK OFF STREET,1.2833483597834672 103.84053784909122,19,C,URA
P0054,,PASIR PANJANG FOOD CENTRE OFF STREET,1.276199590285395 103.79131016138153,26,C,URA
P0054,,PASIR PANJANG FOOD CENTRE OFF STREET,1.276199590285395 103.79131016138153,0,Y,URA
P0075,,PENHAS ROAD / LAVENDER STREET OFF STREET,1.3099941806456645 103.86276472942548,14,C,URA
P0093,,PASIR PANJANG ROAD OFF  STREET,1.2767043723268199 103.79566016940372,19,C,URA
P0094,,PASIR PANJANG ROAD / SOUTH BUONA VISTA ROAD,1.278902209141637 103.78560248250301,0,Y,URA
P0094,,PASIR PANJANG ROAD / SOUTH BUONA VISTA ROAD,1.278902209141637 103.78560248250301,23,C,URA
P0096,,PENANG ROAD OFF STREET,1.29980874920638 103.84212527391578,0,C,URA
P0106,,PASIR PANJANG ROAD/ CLEMENTI ROAD OFF ST,1.2915978691049539 103.76812504370315,0,Y,URA
P0106,,PASIR PANJANG ROAD/ CLEMENTI ROAD OFF ST,1.2915978691049539 103.76812504370315,0,C,URA
P0109,,PASIR RIS PARK CAR PARK E OFF STREET,1.384591856813094 103.94380876998527,10,C,URA
P0111,,PAHANG STREET OFF STREET,1.301759650174214 103.86086565472472,0,C,URA
P0113,,PASIR PANJANG FOOD CENTRE (TEMP) OFF ST,1.2753574846084121 103.79247441821592,64,C,URA
P0113,,PASIR PANJANG FOOD CENTRE (TEMP) OFF ST,1.2753574846084121 103.79247441821592,0,Y,URA
P0117,,PECK SEAH STREET OFF STREET,1.2774732980424977 103.84526725219939,30,C,URA
P0117,,PECK SEAH STREET OFF STREET,1.2774732980424977 103.84526725219939,0,Y,URA
Q0006,,QUEEN STREET OFF STREET,1.2999226816586922 103.85336325926622,0,Y,URA
Q0006,,QUEEN STREET OFF STREET,1.2999226816586922 103.85336325926622,0,C,URA
Q0008,,QUEENSWAY OFF STREET ( RIDEOUT TEA GARDEN),1.304678940975563 103.80216512483725,51,C,URA
R0038,,RACE COURSE ROAD / NORTHUMBERLAND ROAD,1.3109181708259368 103.85225012243872,10,Y,URA
R0038,,RACE COURSE ROAD / NORTHUMBERLAND ROAD,1.3109181708259368 103.85225012243872,23,C,URA
S0020,,SEMBAWANG HILLS FOOD CENTRE OFF STREET,1.3722654677464599 103.8288231857784,6,C,URA
S0049,,Serangoon Rd/Lavender  St Off Street,1.3148874577182357 103.8585875713976,5,Y,URA
S0049,,Serangoon Rd/Lavender  St Off Street,1.3148874577182357 103.8585875713976,110,C,URA
S0055,,SERANGOON GARDEN MARKET OFF STREET,1.3627998667047532 103.86632587825486,67,C,URA
S0106,,SIN MING DRIVE OFF STREET,1.3566926857648622 103.83606317799318,59,C,URA
S0108,,SHREWSBURY ROAD OFF STREET,1.3186024746953806 103.85067798545586,19,C,URA
S0108,,SHREWSBURY ROAD OFF STREET,1.3186024746953806 103.85067798545586,3,Y,URA
S0112,,SEAH IM ROAD OFF STREET,1.2680395173231764 103.81759598210823,417,C,URA
S0112,,SEAH IM ROAD OFF STREET,1.2680395173231764 103.81759598210823,372,Y,URA
S0150,,SULTAN GATE / ALIWAL STREET OFF STREET,1.3024545607005944 103.86058819582028,1,C,URA
S0166,,SEMBAWANG RD/ADMIRALTY  RD EAST OFF STREET,1.453699410782659 103.83314342266785,0,C,URA
S0166,,SEMBAWANG RD/ADMIRALTY  RD EAST OFF STREET,1.453699410782659 103.83314342266785,10,Y,URA
S0171,,SPOONER ROAD OFF STREET,1.2756889219219043 103.8350591496928,100,C,URA
T0017,,TIONG BAHRU PARK OFF STREET,1.2869316650017533 103.82464089829915,19,C,URA
T0103,,TEMBELING ROAD OFF STREET,1.3128601116279206 103.90081283677726,155,C,URA
T0103,,TEMBELING ROAD OFF STREET,1.3128601116279206 103.90081283677726,35,Y,URA
T0129,,TANJONG KATONG COMPLEX,1.3168901823921382 103.89522931567416,294,C,URA
T0140,,TANJONG KATONG ROAD OFF STREET,1.3068395612884625 103.89608109872438,55,C,URA
T0140,,TANJONG KATONG ROAD OFF STREET,1.3068395612884625 103.89608109872438,16,Y,URA
T0141,,TANJONG KATONG RD OFF ST (OPP WILKINSON RD),1.3039250916354699 103.89688542898858,25,C,URA
T0141,,TANJONG KATONG RD OFF ST (OPP WILKINSON RD),1.3039250916354699 103.89688542898858,6,Y,URA
U0036,,UPPER EAST COAST ROAD OFF STREET,1.3122387155540085 103.92605288490613,51,C,URA
U0042,,UPPER CHANGI ROAD / BEDOK ROAD OFF STREET,1.3321242011794179 103.9464677456276,0,C,URA
V0007,,VERDUN ROAD OFF STREET,1.310324224867271 103.85612855572867,2,C,URA
W0029,,WEST COAST PARK 1 OFF STREET,1.2896228087061794 103.77142607054463,64,C,URA
W0055,,WARNA ROAD OFF STREET,1.3110802058970243 103.79619690369877,0,C,URA
Y0019,,YAN KIT ROAD / CANTONMENT ROAD OFF ST,1.274548916040047 103.8414295793987,0,Y,URA
Y0019,,YAN KIT ROAD / CANTONMENT ROAD OFF ST,1.274548916040047 103.8414295793987,12,C,URA
A2,,BLK 206/207 ANG MO KIO STREET 22,1.366237056 103.8430464,94,C,HDB
A4,,BLK 217/220 ANG MO KIO AVENUE 1,1.365691621 103.8411922,145,C,HDB
A7,,BLK 212/213 ANG MO KIO STREET 23,1.368392487 103.8413018,139,C,HDB
A8,,BLK 209/210 ANG MO KIO STREET 22,1.368756071 103.8433077,7,C,HDB
A9,,BLK 202/203 ANG MO KIO STREET 22,1.36807437 103.8443922,55,C,HDB
B6,,BLK 204/209 NEW UPPER CHANGI ROAD,1.326330497 103.9303395,373,C,HDB
B7,,BLK 211/218 BEDOK NORTH STREET 1,1.32513124 103.9319217,25,C,HDB
B8,,BLK 201/203 BEDOK NORTH STREET 1,1.325881496 103.9282762,28,C,HDB
B9,,BLK 402/403 BEDOK NORTH AVENUE 3,1.330172709 103.9338152,104,C,HDB
C5,,"BLK 358-360,362-363,366-367 CLEMENTI AVE 2",1.313102659 103.7695739,0,H,HDB
C5,,"BLK 358-360,362-363,366-367 CLEMENTI AVE 2",1.313102659 103.7695739,260,C,HDB
C5,,"BLK 358-360,362-363,366-367 CLEMENTI AVE 2",1.313102659 103.7695739,108,Y,HDB
C6,,BLK 328-334 CLEMENTI AVE 2,1.314488114 103.7676912,104,C,HDB
C7,,BLK 349-355 CLEMENTI AVE 2,1.314842819 103.7705785,226,C,HDB
C8,,BLK 335/338 CLEMENTI AVE 2,1.316674657 103.7686311,195,C,HDB
C9,,BLK 340/342/343/346-348 CLEMENTI AVE 5,1.317649249 103.7703123,0,H,HDB
C9,,BLK 340/342/343/346-348 CLEMENTI AVE 5,1.317649249 103.7703123,153,C,HDB
C9,,BLK 340/342/343/346-348 CLEMENTI AVE 5,1.317649249 103.7703123,77,Y,HDB
CY,,BLK 269/269A/269B CHENG YAN COURT CAR PARK,1.300626028 103.8536649,10,C,HDB
H3,,BLK 87 ZION RD,1.291008687 103.8325154,16,C,HDB
H4,,BLK 22 HAVELOCK RD,1.288093897 103.8293714,48,C,HDB
H6,,BLK 77/79 GANGES AVENUE,1.291369664 103.8289836,111,C,HDB
H8,,BLKS 4-8 TAMAN HO SWEE,1.287726965 103.8309221,44,Y,HDB
H8,,BLKS 4-8 TAMAN HO SWEE,1.287726965 103.8309221,0,H,HDB
H8,,BLKS 4-8 TAMAN HO SWEE,1.287726965 103.8309221,36,C,HDB
J1,,BLK 101/107 JURONG EAST ST 13,1.336429723 103.7380983,172,C,HDB
J2,,BLK 108/110 JURONG EAST ST 13,1.33860776 103.7367713,63,C,HDB
J3,,BLK 111/116 JURONG EAST ST 13,1.339494837 103.7354848,137,C,HDB
J4,,BLK 201/206 JURONG EAST ST 21,1.337530169 103.7419026,54,C,HDB
J5,,BLK 207/208 JURONG EAST ST 21,1.338314475 103.7424182,100,C,HDB
J6,,BLK 209/214 JURONG EAST ST 21,1.3390681 103.7388514,108,C,HDB
J7,,BLK 215A/231 JURONG EAST ST 21,1.341543873 103.7380331,396,C,HDB
J8,,BLK 232/240 JURONG EAST ST 21,1.340430194 103.741574,91,C,HDB
J9,,BLK 241/245 JURONG EAST ST 24,1.342122435 103.7420009,71,C,HDB
K2,,"BLK 9,10,12 PINE CLOSE",1.308736475 103.8823513,0,H,HDB
K2,,"BLK 9,10,12 PINE CLOSE",1.308736475 103.8823513,28,C,HDB
K2,,"BLK 9,10,12 PINE CLOSE",1.308736475 103.8823513,37,Y,HDB
K7,,BLK 51 OLD AIRPORT ROAD,1.308894519 103.8860169,112,C,HDB
L1,,BLK 415-420 LOR LEW LIAN,1.349505832 103.8753546,33,C,HDB
M1,,BLK 85 TO 94/92A PIPIT ROAD,1.323074781 103.8864364,180,C,HDB
M3,,BLK 19 TO 21/23/24/30/32 BALAM RD,1.330680856 103.8857074,0,C,HDB
M4,,BLK 22/34/36 CIRCUIT RD,1.329022794 103.8876597,194,C,HDB
P1,,BLK 196 PUNGGOL FIELD,1.399325523 103.907016,159,C,HDB
P2,,BLK 199 PUNGGOL FIELD,1.400096829 103.9060155,142,C,HDB
P3,,BLK 101 PUNGGOL FIELD,1.398456837 103.9057745,385,C,HDB
P4,,BLK 105 EDGEFIELD PLAINS,1.397227162 103.9056229,391,C,HDB
P5,,BLK 107 PUNGGOL FIELD,1.396877555 103.9076419,244,C,HDB
P6,,BLK 109 PUNGGOL FIELD,1.395368569 103.9094623,284,C,HDB
P7,,BLK 119 EDGEFIELD PLAINS,1.395427967 103.9064702,529,C,HDB
P8,,BLK 126 EDGEDALE PLAINS,1.394228446 103.9109139,204,C,HDB
P9,,BLK 128 PUNGGOL FIELD WALK,1.392923918 103.9125375,217,C,HDB
Q8,,BLK 19/23A/23B QUEENS CLOSE,1.294206414 103.7995693,57,C,HDB
Q8,,BLK 19/23A/23B QUEENS CLOSE,1.294206414 103.7995693,0,Y,HDB
Q8,,BLK 19/23A/23B QUEENS CLOSE,1.294206414 103.7995693,0,H,HDB
T1,,BLK 101/108 TAMPINES ST 11,1.347395724 103.9462336,158,C,HDB
T3,,BLK 109/114 TAMPINES ST 11,1.346598132 103.9474328,90,C,HDB
T4,,BLK 124/127 TAMPINES STREET 11,1.345420018 103.9498142,98,C,HDB
T7,,BLK 136/138 TAMPINES ST 11,1.345469697 103.9458054,52,C,HDB
T8,,BLK 137/139 TAMPINES ST 11,1.346414231 103.9441901,127,C,HDB
T9,,BLK 140/148 TAMPINES STREET 12,1.347816332 103.9436467,190,C,HDB
U1,,BLK 101/110 BUKIT BATOK WEST AVE 6,1.348389703 103.7469815,137,C,HDB
U2,,BLK 111/132 BUKIT BATOK WEST AVE 6,1.349872484 103.7463093,472,C,HDB
U3,,BLK 133/139 BUKIT BATOK WEST AVENUE 6,1.351391957 103.7443516,42,C,HDB
U4,,BLK 140/143 BUKIT BATOK STREET 11,1.350653565 103.74322,84,C,HDB
U5,,BLK 144/149 BUKIT BATOK WEST AVENUE 6,1.350137241 103.7446779,58,C,HDB
U6,,BLK 150/158 BUKIT BATOK STREET 11,1.348029518 103.7441035,17,C,HDB
U7,,BLK 159/164 BUKIT BATOK STREET 11,1.348707664 103.7420927,116,C,HDB
U8,,BLK 165/168 BUKIT BATOK WEST AVENUE 8,1.347161979 103.7418946,11,C,HDB
U9,,BLK 169/177 BUKIT BATOK WEST AVENUE 8,1.345845573 103.7411926,65,C,HDB
W3,,BLK 4A/6A WOODLANDS CENTRE ROAD,1.4406995 103.7695026,217,C,HDB
W4,,BLK 6/7 MARSILING DRIVE,1.442458149 103.7767461,0,C,HDB
W5,,BLK 10/13 MARSILING LANE,1.440754097 103.7781943,173,C,HDB
W6,,BLK 15/16 MARSILING LANE,1.442102474 103.777954,8,C,HDB
W7,,BLK 17/21 MARSILING LANE,1.443136124 103.7776083,48,C,HDB
Y1,,BLK 101/102 YISHUN AVE 5,1.430844543 103.8280357,51,C,HDB
Y2,,BLK 103/111 YISHUN RING ROAD,1.432166554 103.8280589,153,C,HDB
Y3,,BLK 112/120 YISHUN RING ROAD,1.434711422 103.8288865,0,L,HDB
Y3,,BLK 112/120 YISHUN RING ROAD,1.434711422 103.8288865,206,C,HDB
Y4,,BLK 121/143 YISHUN STREET 11/RING ROAD,1.434754103 103.8315408,0,L,HDB
Y4,,BLK 121/143 YISHUN STREET 11/RING ROAD,1.434754103 103.8315408,261,C,HDB
Y5,,BLK 144/149 YISHUN STREET 11,1.431114532 103.8321076,54,C,HDB
Y5,,BLK 144/149 YISHUN STREET 11,1.431114532 103.8321076,0,L,HDB
Y6,,BLK 150/161 YISHUN STREET 11,1.432523042 103.8341941,0,L,HDB
Y6,,BLK 150/161 YISHUN STREET 11,1.432523042 103.8341941,96,C,HDB
Y7,,BLK 701/716 & 701B YISHUN AVENUE 5,1.427301818 103.8274505,75,C,HDB
Y7,,BLK 701/716 & 701B YISHUN AVENUE 5,1.427301818 103.8274505,0,L,HDB
Y8,,"BLK 731/746 YISHUN STREET 71,72/AVENUE 5",1.429444919 103.8312781,0,L,HDB
Y8,,"BLK 731/746 YISHUN STREET 71,72/AVENUE 5",1.429444919 103.8312781,46,C,HDB
Y9,,BLK 747/752 YISHUN STREET 72,1.427830914 103.8340126,0,L,HDB
Y9,,BLK 747/752 YISHUN STREET 72,1.427830914 103.8340126,5,C,HDB
A10,,BLK 201/202 ANG MO KIO STREET 22,1.368632982 103.844524,32,C,HDB
A11,,BLK 223/226/226A-226D ANG MO KIO ST 22,1.367035534 103.8381811,173,C,HDB
A12,,BLK 229/230 ANG MO KIO ST 22,1.368509827 103.8386753,108,C,HDB
A13,,BLK 232/233 ANG MO KIO ST 22,1.368000222 103.8368096,43,C,HDB
A15,,BLK 226E-226H ANG MO KIO ST 22,1.36696761 103.8404175,15,C,HDB
A20,,BLK 304/307/319 ANG MO KIO ST 31,1.364943381 103.8484571,21,C,HDB
A21,,BLK 325/326/301 ANG MO KIO STREET 31,1.368127559 103.8463132,329,C,HDB
A24,,BLK 338/340 ANG MO KIO ST 32,1.364753412 103.8493977,113,C,HDB
A25,,BLK 330/337 ANG MO KIO AVE 8,1.362769307 103.8516275,219,C,HDB
A27,,BLK 108/109/110 ANG MO KIO ST 11,1.370363052 103.8383207,92,C,HDB
A28,,BLK 103/105/107 ANG MO KIO ST 11,1.371649928 103.8374643,0,C,HDB
A29,,BLK 347 ANG MO KIO AVENUE 3,1.367361242 103.8487183,176,C,HDB
A30,,BLK 129/134 ANG MO KIO STREET 12,1.370989747 103.842419,0,C,HDB
A31,,BLK 119/128 ANG MO KIO ST 12,1.370451119 103.8436999,68,C,HDB
A33,,BLK 253/254 ANG MO KIO STREET 21,1.369886364 103.8345405,0,C,HDB
A34,,BLK 422/425 ANG MO KIO ST 42,1.368356473 103.8516674,102,C,HDB
A35,,BLK 426/428/435 ANG MO KIO ST 43,1.368646393 103.8540815,229,C,HDB
A36,,BLK 436/443/445 ANG MO KIO ST 43,1.366407128 103.8552788,303,C,HDB
A37,,BLK 446/449/453 ANG MO KIO ST 43,1.368113068 103.8555566,92,C,HDB
A38,,BLK 407/410/421 ANG MO KIO AVE 10,1.363963706 103.8545884,484,C,HDB
A39,,BLK 401/405 ANG MO KIO AVE 10,1.361151022 103.8540722,48,C,HDB
A40,,BLK 471/476 ANG MO KIO ST 44,1.362356151 103.8569821,298,C,HDB
A41,,BLK 466/470 ANG MO KIO ST 44,1.364936935 103.8569326,162,C,HDB
A42,,BLK 461/465 ANG MO KIO ST 44,1.366580182 103.8573639,89,C,HDB
A43,,BLK 457/458/460 ANG MO KIO ST 44,1.365996736 103.8592673,0,C,HDB
A44,,BLK 459/456 ANG MO KIO ST 44,1.367205743 103.8589905,26,C,HDB
A45,,BLK 570/578 ANG MO KIO ST 51,1.370917693 103.8552305,162,C,HDB
A47,,BLK 562/565/560 ANG MO KIO STREET 54,1.370558167 103.8592466,136,C,HDB
A48,,BLK 571/73 ANG MO KIO ST 51,1.370371281 103.8546523,27,C,HDB
A49,,BLK 555/559 ANG MO KIO STREET 54,1.371329606 103.8577971,45,C,HDB
A50,,BLK 548/552/556 ANG MO KIO STREET 54,1.372522464 103.8576096,15,C,HDB
A51,,BLK 252/253A ANG MO KIO STREET 21,1.369470739 103.8343753,11,C,HDB
A52,,BLK 701/716 ANG MO KIO AVE 3/6,1.370385433 103.8469225,4,C,HDB
A53,,BLK 712A ANG MO KIO AVE 3/6,1.370865023 103.8468773,685,C,HDB
A54,,BLK 727/728 ANG MO KIO AVE 6,1.372434359 103.8459154,435,C,HDB
A59,,BLK 547/551 ANG MO KIO ST 54,1.373896221 103.8581398,35,C,HDB
A60,,BLK 540/546 ANG MO KIO ST 54,1.374464495 103.8559134,199,C,HDB
A61,,BLK 520/534/529 ANG MO KIO AVE 5/10,1.374170446 103.85216,617,C,HDB
A63,,BLK 501/513/508 ANG MO KIO ST 52/53,1.375176821 103.8493957,290,C,HDB
A64,,BLK 584/586 ANG MO KIO ST 51,1.370506585 103.8534735,22,C,HDB
A65,,BLK 558/560 ANG MO KIO STREET 54,1.371029159 103.8594172,47,C,HDB
A66,,BLK 601/604/603 ANG MO KIO AVE 5,1.380544931 103.8356606,6,C,HDB
A67,,BLK 605/612 ANG MO KIO AVE 4/5,1.379686324 103.8378049,321,C,HDB
A68,,BLK 620/624/626 ANG MO KIO ST 61,1.381897619 103.8398542,13,C,HDB
A69,,BLK 623/625/627 ANG MO KIO ST 61,1.381641458 103.8419454,316,C,HDB
A70,,BLK 629/626 ANG MO KIO AVE 4,1.380620641 103.8401072,88,C,HDB
A71,,BLK 628/632 ANG MO KIO ST 61,1.380009094 103.8407419,68,C,HDB
A72,,BLK 633/640 ANG MO KIO ST 61,1.380760963 103.8435303,175,C,HDB
A73,,BLK 641/645 ANG MO KIO ST 61,1.378848189 103.8408247,196,C,HDB
A74,,BLK 646/649 ANG MO KIO ST 61,1.37865168 103.8438047,62,C,HDB
A75,,BLK 177/182 ANG MO KIO AVE 4,1.376086591 103.8385877,158,C,HDB
A76,,BLK 613A ANG MO KIO AVENUE 4,1.377977112 103.8388348,633,C,HDB
A77,,BLK 150/156 ANG MO KIO AVE 5,1.376251001 103.8399554,65,C,HDB
A78,,BLK 157/163 ANG MO KIO AVE 4,1.374648501 103.8383868,370,C,HDB
A81,,BLK 170/172 ANG MO KIO ST 13,1.374355553 103.8364788,10,C,HDB
A82,,BLK 173/176 ANG MO KIO AVE 4,1.375674922 103.8363987,28,C,HDB
A85,,BLK 340 ANG MO KIO ST 32,1.365107378 103.8497094,21,C,HDB
A87,,BLK 462/463 ANG MO KIO ST 44,1.366826359 103.8578842,63,C,HDB
A88,,BLK 348 ANG MO KIO AVE 3,1.366280716 103.8472665,5,C,HDB
A94,,BLK 104C ANG MO KIO STREET 11,1.371859827 103.838316,142,C,HDB
A98,,BLK 259 ANG MO KIO AVE 2,1.369164311 103.8318542,58,C,HDB
ACB,,BLK 270/271 ALBERT CENTRE BASEMENT CAR PARK,1.301063272 103.854118,37,C,HDB
ACM,,BLK 98A ALJUNIED CRESCENT,1.32100429 103.8850609,216,C,HDB
ACM,,BLK 98A ALJUNIED CRESCENT,1.32100429 103.8850609,34,Y,HDB
ACM,,BLK 98A ALJUNIED CRESCENT,1.32100429 103.8850609,0,H,HDB
AH1,,BLK 101 JALAN DUSUN,1.328283495 103.8446199,133,C,HDB
AR9,,BLK 20/22/23 DOVER CRESCENT,1.307284363 103.7834396,9,C,HDB
AR9,,BLK 20/22/23 DOVER CRESCENT,1.307284363 103.7834396,5,Y,HDB
AR9,,BLK 20/22/23 DOVER CRESCENT,1.307284363 103.7834396,50,H,HDB
AV1,,BLK 120/120A/121-127 ALEXANDRA VILLAGE,1.285582555 103.8032153,129,C,HDB
B10,,BLK 404/413 BEDOK NORTH AVENUE 3,1.329028331 103.9337077,106,C,HDB
B11,,BLK 416/418 BEDOK NORTH AVENUE 2,1.328342005 103.9303962,414,C,HDB
B14,,BLK 412/413 BEDOK NORTH AVENUE 2,1.329159093 103.9314451,61,C,HDB
B16,,BLK 32/63 BEDOK SOUTH AVENUE 2,1.323501118 103.9405595,114,C,HDB
B17,,BLK 52/57 NEW UPPER CHANGI ROAD,1.324217738 103.9418572,107,C,HDB
B19,,BLK 37/38/43/60 BEDOK SOUTH ROAD,1.321924546 103.940961,475,C,HDB
B20,,BLK 67/73 BEDOK SOUTH ROAD,1.319799714 103.9434204,148,C,HDB
B21,,BLK 74/82 BEDOK NORTH ROAD,1.328177963 103.9410465,224,C,HDB
B24,,BLK 84/89 BEDOK NORTH AVENUE 4,1.33264716 103.9382946,6,C,HDB
B25,,BLK 91/97 BEDOK NORTH AVENUE 4,1.332969119 103.9404903,20,C,HDB
B26,,BLK 98/100 BEDOK NORTH AVENUE 4,1.334307987 103.9403406,71,C,HDB
B27,,BLK 101/106 BEDOK NORTH AVENUE 4,1.334117747 103.9380381,72,C,HDB
B28,,BLK 107/110 BEDOK NORTH ROAD,1.33254479 103.9355711,189,C,HDB
B30,,BLK 119/123 BEDOK NORTH STREET 2,1.329942835 103.9387534,71,C,HDB
B31,,BLK 124/129 BEDOK NORTH STREET 2,1.328501234 103.9388502,218,C,HDB
B32,,BLK 130/132 BEDOK NORTH STREET 2,1.32741067 103.9367575,178,C,HDB
B33,,BLK 131/122 BEDOK NORTH AVENUE 3,1.327240858 103.9358002,165,C,HDB
B34,,BLK 134/136 BEDOK NORTH AVENUE 3,1.328312294 103.9356734,161,C,HDB
B35,,BLK 137/140 BEDOK NORTH AVENUE 3,1.329058097 103.9351762,49,C,HDB
B40,,BLK 504/507 BEDOK NORTH STREET 3,1.332549948 103.9327701,238,C,HDB
B41,,BLK 510 BEDOK NORTH STREET 3,1.332554918 103.9314929,7,C,HDB
B42,,BLK 509/511 BEDOK NORTH STREET 3,1.332451791 103.9308212,58,C,HDB
B43,,BLK 519/522 553 BEDOK NORTH AVENUE 1/2,1.331105187 103.9276034,67,C,HDB
B44,,BLK 528/536 BEDOK NORTH STREET 3,1.333971252 103.9275088,380,C,HDB
B45,,BLK 537/539 BEDOK NORTH STREET 3,1.331679984 103.925429,20,C,HDB
B46,,BLK 537/538 BEDOK NORTH STREET 3,1.331321224 103.924182,6,C,HDB
B47,,BLK 540/542 BEDOK NORTH STREET 3,1.330895915 103.9222478,154,C,HDB
B48,,BLK 543/547 BEDOK NORTH STREET 3,1.330095928 103.9234212,60,C,HDB
B49,,BLK 549/551 BEDOK NORTH AVENUE 1,1.332185767 103.9266682,56,C,HDB
B50,,BLK 601/605 BEDOK RESERVOIR ROAD,1.330447091 103.9130666,193,C,HDB
B51,,BLK 611/616 BEDOK RESERVOIR ROAD,1.3321465 103.9163962,161,C,HDB
B52,,BLK 617/624 BEDOK RESERVOIR ROAD,1.33390918 103.9178942,92,C,HDB
B53,,BLK 625/629 BEDOK RESERVOIR ROAD,1.334251489 103.9151772,40,C,HDB
B54,,BLK 630/632 BEDOK RESERVOIR ROAD,1.333363744 103.9152037,41,C,HDB
B57,,BLK 701/708 BEDOK RESERVOIR ROAD,1.335843395 103.9190193,150,C,HDB
B59,,BLK 716/718/721 BEDOK RESERVOIR ROAD,1.337459185 103.9259534,157,C,HDB
B60,,BLK 722/725 BEDOK RESERVOIR ROAD,1.337194222 103.9290567,102,C,HDB
B63,,BLK 739/745 BEDOK RESERVOIR ROAD,1.338153727 103.9226165,0,C,HDB
B65,,BLK 155/172 BEDOK SOUTH ROAD/AVE 3,1.32003291 103.9456593,272,C,HDB
B66,,BLK 637A BEDOK RESERVOIR ROAD,1.330548155 103.9043396,311,C,HDB
B67,,BLK 649A JALAN TENAGA,1.332015772 103.9063948,59,C,HDB
B69,,BLK 94A BEDOK NORTH AVENUE 4,1.333426184 103.9419707,206,C,HDB
B70,,BLK 201 BEDOK NORTH ST 1,1.326289845 103.9279955,24,C,HDB
B71,,BLK 29C CHAI CHEE AVENUE,1.324293889 103.9243004,124,C,HDB
B72,,BLK 660A JALAN TENAGA,1.33437706 103.9073898,149,C,HDB
B73,,BLK 651A JALAN TENAGA,1.332492268 103.9069672,23,C,HDB
B74,,BLK 671A JALAN DAMAI,1.332846853 103.9090553,166,C,HDB
B75,,BLK 613C BEDOK RESERVOIR ROAD,1.333038103 103.9175262,263,C,HDB
B79,,BLK 772A BEDOK RESERVOIR VIEW,1.336776156 103.9374066,961,C,HDB
B7A,,BLK 216/218 BEDOK NORTH ST 1,1.327131692 103.934037,60,C,HDB
B7B,,BEDOK CENTRAL,1.326521502 103.93484,8,C,HDB
B80,,BLK 739A BEDOK RESERVOIR ROAD,1.338268304 103.9233606,211,C,HDB
B81,,BLK 30A NEW UPPER CHANGI ROAD,1.323211124 103.9349426,421,C,HDB
B83,,BLK 21A CHAI CHEE ROAD,1.326469014 103.9222713,133,C,HDB
B84,,BLK 215A BEDOK CENTRAL,1.32622611 103.9342048,529,C,HDB
B85,,BLK 184 BEDOK NORTH RD,1.326080246 103.9413578,355,C,HDB
B86,,BLK 114A BEDOK NORTH ST 2,1.330720263 103.9355693,65,C,HDB
B88,,BLK 34A BED0K SOUTH AVE 2,1.322250932 103.938324,139,C,HDB
B89,,BLK 116A BEDOK NORTH ROAD,1.330959179 103.9372655,121,C,HDB
B90,,BLK 35A BEDOK SOUTH AVE 2,1.322520623 103.9396488,75,C,HDB
B91,,BLK 630 BEDOK RESERVOIR ROAD,1.332797324 103.9142523,42,C,HDB
B92,,BLK 2A BEDOK SOUTH AVE 1,1.321697394 103.9339351,426,C,HDB
B94,,BLK 513A BEDOK NORTH AVE 2,1.332260166 103.9293574,290,C,HDB
B95,,BLK 220 BEDOK CENTRAL,1.32551298 103.9350827,218,C,HDB
B96,,BLK 219 BEDOK CENTRAL,1.32496629 103.9329516,141,C,HDB
B97,,BLK 714A BEDOK RESERVOIR ROAD,1.33615579 103.9235081,272,C,HDB
B98,,BLK 748 BEDOK RESERVOIR CRESCENT,1.33607942 103.9219169,278,C,HDB
BBB,,BLK 232 BRAS BASAH BASEMENT CAR PARK,1.296580028 103.8536632,114,C,HDB
BE4,,BLK 101-116 BISHAN STREET 12,1.346495537 103.8483778,375,C,HDB
BE5,,BLK 117-134 BISHAN STREET 12,1.346177376 103.8509611,248,C,HDB
BE6,,BLK 135/138 BISHAN STREET 12,1.344748214 103.8518833,100,C,HDB
BE7,,BLK 139-144 BISHAN STREET 12,1.345004699 103.8530229,12,C,HDB
BE8,,"BLK 145-150A, 151 BISHAN STREET 11",1.344436392 103.8553148,260,C,HDB
BE9,,BLK 153-167 BISHAN STREET 13,1.347170262 103.8561828,286,C,HDB
BH1,,BLK 1 THOMSON ROAD,1.324991365 103.8424599,44,C,HDB
BH2,,BLK 2 BALESTIER ROAD,1.326045973 103.8428582,41,C,HDB
BJ1,,BLK 130-140 CASHEW ROAD,1.37395668 103.769323,135,C,HDB
BJ2,,BLK 141-151 GANGSA/PETIR ROAD,1.376135031 103.7666613,80,C,HDB
BJ3,,BLK 101/129 GANGSA ROAD/PENDING ROAD,1.377310194 103.7693773,297,C,HDB
BJ4,,BLK 219/233 PETIR ROAD,1.375459719 103.7723545,242,C,HDB
BJ8,,BLK 201/218 PETIR ROAD,1.374612729 103.7737107,405,C,HDB
BL3,,BLK 174/179 BOON LAY DRIVE,1.346874708 103.7092346,22,C,HDB
BL8,,BLK 221 BOON LAY PLACE,1.345425134 103.7133909,0,L,HDB
BL8,,BLK 221 BOON LAY PLACE,1.345425134 103.7133909,249,C,HDB
BLM,,BLK 10 BENDEMEER ROAD,1.31550644 103.8609587,344,C,HDB
BM1,,BLK 28 JALAN BUKIT MERAH,1.286273508 103.8096692,0,C,HDB
BM2,,BLK 28 HOY FATT ROAD,1.286850768 103.8099531,8,C,HDB
BM3,,BLK 49/50 HOY FATT ROAD,1.287707766 103.8115278,13,C,HDB
BM4,,BLK 35A JALAN RUMAH TINGGI,1.287667284 103.8089551,24,C,HDB
BM5,,BLKS 8/10 JALAN RUMAH TINGGI,1.288431556 103.8076195,2,Y,HDB
BM5,,BLKS 8/10 JALAN RUMAH TINGGI,1.288431556 103.8076195,1,H,HDB
BM5,,BLKS 8/10 JALAN RUMAH TINGGI,1.288431556 103.8076195,18,C,HDB
BM6,,BLK 61 LENGKOK BAHRU,1.289533391 103.8137645,16,C,HDB
BM9,,BLK 58/59 LENGKOK BAHRU,1.289097999 103.814358,121,C,HDB
BP1,,BLK 101/109 BUKIT PURMEI ROAD,1.272794946 103.82487,221,C,HDB
BP2,,BLK 110/115 BUKIT PURMEI ROAD,1.274091691 103.8270043,158,C,HDB
BR4,,BLK 81/89 WHAMPOA DRIVE,1.32357726 103.8554214,166,C,HDB
BR5,,BLK 74/75 WHAMPOA DRIVE,1.324908971 103.8581906,44,C,HDB
BR6,,BLK 92 WHAMPOA DRIVE,1.323038825 103.8535358,69,C,HDB
BR8,,BLK 76/77 LORONG LIMAU,1.325160011 103.8545583,44,C,HDB
BR9,,BLK 69 MOULMEIN ROAD,1.31896257 103.8507431,28,C,HDB
BRM,,BLK 39 BENDEMEER ROAD,1.320747202 103.8661729,226,C,HDB
BTM,,BLK 2B BOON TIONG ROAD,1.286783924 103.8332897,121,C,HDB
BTM,,BLK 2B BOON TIONG ROAD,1.286783924 103.8332897,0,H,HDB
BTM,,BLK 2B BOON TIONG ROAD,1.286783924 103.8332897,109,Y,HDB
BWM,,BLK 2A JLN BUKIT MERAH,1.286875302 103.8066545,118,C,HDB
C10,,"BLK 339,341,344-345,371-381 CLEMENTI AVENUE 5",1.318463207 103.7689629,194,Y,HDB
C10,,"BLK 339,341,344-345,371-381 CLEMENTI AVENUE 5",1.318463207 103.7689629,50,H,HDB
C10,,"BLK 339,341,344-345,371-381 CLEMENTI AVENUE 5",1.318463207 103.7689629,353,C,HDB
C11,,"BLK 321-322,324-326 CLEMENTI AVENUE 5",1.31589499 103.7661416,203,C,HDB
C12,,"BLK 301-302,305-308 CLEMENTI AVENUE 4",1.321789844 103.7661061,159,C,HDB
C12,,"BLK 301-302,305-308 CLEMENTI AVENUE 4",1.321789844 103.7661061,94,Y,HDB
C12,,"BLK 301-302,305-308 CLEMENTI AVENUE 4",1.321789844 103.7661061,50,H,HDB
C16,,BLK 430-435 CLEMENTI AVE 3,1.314313927 103.7624816,128,C,HDB
C17,,"BLK 442-444,442A CLEMENTI AVE 3",1.313857729 103.7638966,32,Y,HDB
C17,,"BLK 442-444,442A CLEMENTI AVE 3",1.313857729 103.7638966,1,H,HDB
C17,,"BLK 442-444,442A CLEMENTI AVE 3",1.313857729 103.7638966,23,C,HDB
C18,,BLK 426/428 CLEMENTI AVE 3,1.312271663 103.7633744,55,C,HDB
C20,,BLK 449-451 CLEMENTI AVE 3,1.313347821 103.7652617,54,C,HDB
C24,,BLK 110/118 CLEMENTI STREET 13,1.324197621 103.7712867,179,C,HDB
C24,,BLK 110/118 CLEMENTI STREET 13,1.324197621 103.7712867,0,H,HDB
C24,,BLK 110/118 CLEMENTI STREET 13,1.324197621 103.7712867,44,Y,HDB
C25,,BLK 101-104 CLEMENTI STREET 14,1.322392723 103.7690555,0,Y,HDB
C25,,BLK 101-104 CLEMENTI STREET 14,1.322392723 103.7690555,62,C,HDB
C25,,BLK 101-104 CLEMENTI STREET 14,1.322392723 103.7690555,0,H,HDB
C26,,BLK 105-107 CLEMENTI STREET 12,1.322587761 103.7699291,13,Y,HDB
C26,,BLK 105-107 CLEMENTI STREET 12,1.322587761 103.7699291,26,C,HDB
C26,,BLK 105-107 CLEMENTI STREET 12,1.322587761 103.7699291,8,H,HDB
C27,,BLK 108/109 CLEMENTI STREET 11,1.322242263 103.7705128,13,C,HDB
C27,,BLK 108/109 CLEMENTI STREET 11,1.322242263 103.7705128,0,H,HDB
C27,,BLK 108/109 CLEMENTI STREET 11,1.322242263 103.7705128,0,Y,HDB
C29,,BLK 501-505 WEST COAST DRIVE,1.312614612 103.7592318,80,C,HDB
C30,,BLK 507-509 WEST COAST DRIVE,1.311458097 103.7614211,120,C,HDB
C31,,BLK 510/511 WEST COAST ROAD,1.310563194 103.7605991,16,C,HDB
C32,,BLK 514-519 WEST COAST ROAD,1.308625559 103.7590812,131,C,HDB
C33,,BLK 601-613 CLEMENTI WEST STREET 1,1.304559438 103.7668576,258,C,HDB
C34,,BLK 702/703 WEST COAST ROAD,1.307010315 103.7609363,40,C,HDB
C35,,BLK 704-714 CLEMENTI WEST STREET 2,1.305612302 103.7614392,245,C,HDB
C36,,BLK 728/729 CLEMENTI WEST STREET 2,1.305309675 103.7635574,15,C,HDB
C37,,"BLK 720-727,730-731 CLEMENTI WEST STREET 2",1.303538317 103.7639717,197,C,HDB
C38,,BLK 715-717 CLEMENTI WEST STREET 2,1.302806668 103.7625268,83,C,HDB
C3M,,BLK 416A CLEMENTI AVE 1,1.309813588 103.770131,0,H,HDB
C3M,,BLK 416A CLEMENTI AVE 1,1.309813588 103.770131,317,C,HDB
C3M,,BLK 416A CLEMENTI AVE 1,1.309813588 103.770131,243,Y,HDB
C4M,,BLK 413A COMMONWEALTH AVENUE WEST,1.311480109 103.7705025,0,H,HDB
C4M,,BLK 413A COMMONWEALTH AVENUE WEST,1.311480109 103.7705025,174,C,HDB
C4M,,BLK 413A COMMONWEALTH AVENUE WEST,1.311480109 103.7705025,10,Y,HDB
CAM,,BLK 88 TANGLIN HALT RD,1.301821057 103.7982057,187,C,HDB
CAM,,BLK 88 TANGLIN HALT RD,1.301821057 103.7982057,0,Y,HDB
CAM,,BLK 88 TANGLIN HALT RD,1.301821057 103.7982057,0,H,HDB
CC1,,BLK 1/2 CHAI CHEE STREET,1.326621271 103.9229114,87,C,HDB
CC4,,"BLK 22/24, 59/63, 803/805 CHAI CHEE ROAD",1.325761538 103.9213875,105,C,HDB
CC5,,BLK 27 CHAI CHEE ROAD,1.324822461 103.9234007,54,C,HDB
CC6,,BLK 25-27 CHAI CHEE ROAD,1.323513814 103.9235646,8,C,HDB
CC7,,BLK 29/37 CHAI CHEE AVENUE,1.325246206 103.9256873,116,C,HDB
CC8,,BLK 55/58 CHAI CHEE DRIVE,1.326895488 103.9194412,13,C,HDB
CC9,,BLK 41/42 CHAI CHEE STREET,1.327720116 103.9259951,66,C,HDB
CDM,,BLK 54 CWEALTH DR,1.301636409 103.7967914,0,H,HDB
CDM,,BLK 54 CWEALTH DR,1.301636409 103.7967914,120,C,HDB
CDM,,BLK 54 CWEALTH DR,1.301636409 103.7967914,0,Y,HDB
CK1,,BLK 101/108 TECK WHYE LANE,1.377844092 103.7533965,59,C,HDB
CK2,,BLK 109/117 TECK WHYE LANE,1.379252781 103.7513717,180,C,HDB
CK3,,BLK 118/124 TECK WHYE LANE,1.378605924 103.7500625,113,C,HDB
CK4,,"BLK 135-138,141,142 & 145 TECK WHYE LANE/AVE",1.380143703 103.7516624,0,C,HDB
CK6,,"BLK 143, 144 & 146 TECK WHYE LANE",1.380732698 103.7531056,27,C,HDB
CK7,,BLK 135A TECK WHYE LANE,1.380282259 103.7519605,197,C,HDB
CK8,,BLK 201-221 CHOA CHU KANG CENTRAL,1.382086079 103.7471057,89,C,HDB
CK9,,BLK 223-227 CHOA CHU KANG CENTRAL,1.381495974 103.7449178,0,C,HDB
CLM,,BLK 129A CLARENCE LANE,1.292483012 103.8144006,0,Y,HDB
